{
  "deepseek-v3": {
    "n": 374,
    "amb_rate": 0.48663101604278075,
    "unamb_rate": 0.43315508021390375,
    "delta": 0.053475935828877,
    "p_two": 0.1633000653425025,
    "p_one": 0.08165003267125125,
    "errors": 0
  },
  "gpt-5.4": {
    "n": 374,
    "amb_rate": 0.25133689839572193,
    "unamb_rate": 0.18983957219251338,
    "delta": 0.06149732620320855,
    "p_two": 0.05217750815509717,
    "p_one": 0.026088754077548584,
    "errors": 0
  },
  "gpt-4.1": {
    "n": 139,
    "amb_rate": 0.2949640287769784,
    "unamb_rate": 0.12949640287769784,
    "delta": 0.16546762589928057,
    "p_two": 0.0011318242143203278,
    "p_one": 0.0005659121071601639,
    "errors": 0
  },
  "claude-sonnet-4-6": {
    "n": 139,
    "amb_rate": 0.20863309352517986,
    "unamb_rate": 0.05755395683453238,
    "delta": 0.1510791366906475,
    "p_two": 0.0003078074624900085,
    "p_one": 0.00015390373124500424,
    "errors": 0
  },
  "qwen3-235b": {
    "n": 139,
    "amb_rate": 0.5251798561151079,
    "unamb_rate": 0.3237410071942446,
    "delta": 0.20143884892086328,
    "p_two": 0.001012907614488295,
    "p_one": 0.0005064538072441475,
    "errors": 0
  }
}